SNO.,ROLL NUMBER,Q1 (5),Q2 (5),Q3 (5),Q4 (5),Q5 (5),Q6 (5),Q7 (5),Q8 (5),Q9 (5),Q10 (5),Q11 (5),Q12 (5),Top 9 (out of 45),Out of 30
1,102003733,AB,AB,AB,AB,AB,AB,3,5,AB,AB,AB,4,12,8.0
2,102203002,5,AB,4,4,4,4,4,3,5,5,5,3,40,26.7
3,102203003,5,4,4,4,4,5,4,3,4,5,4,2,39,26.0
4,102203005,AB,AB,AB,AB,3,5,3,4,4,5,5,AB,29,19.3
5,102203007,AB,AB,AB,5,4,3,3,5,3,5,5,3,36,24.0
6,102203008,3,3,5,4,1,4,3,4,5,4,5,5,39,26.0
7,102203012,AB,3,4,4,3,5,4,5,4,5,4,5,40,26.7
8,102203013,5,2,4,5,4,2,3,2,5,5,5,2,38,25.3
9,102203014,5,3,4,5,2,5,2,3,5,5,4,4,40,26.7
10,102203015,5,3,AB,AB,3,3,5,4,5,5,4,AB,37,24.7
11,102203017,3,2,5,4,3,5,3,4,5,5,5,3,39,26.0
12,102203020,4,5,4,5,5,4,5,4,5,5,5,5,44,29.3
13,102203021,5,2,5,4,4,5,5,4,5,5,5,4,43,28.7
14,102203022,AB,AB,AB,AB,AB,AB,AB,AB,AB,AB,AB,AB,0,0.0
15,102203023,5,AB,AB,5,AB,AB,4,3,4,AB,4,4,29,19.3
16,102203025,5,2,5,4,2,5,3,4,4,5,5,4,41,27.3
17,102203026,5,3,4,3,1,2,5,3,3,3,2,1,31,20.7
18,102203028,4,2,4,5,4,4,4,4,5,4,5,AB,39,26.0
19,102203030,5,3,5,5,3,4,3,4,5,5,4,2,40,26.7
20,102203031,5,4,4,4,4,4,5,5,5,5,5,5,43,28.7
21,102203032,4,2,4,5,3,5,5,5,5,5,5,5,44,29.3
22,102203034,5,AB,4,4,3,4,1,4,5,5,4,5,40,26.7
23,102203035,5,2,4,5,2,4,3,4,5,AB,5,5,40,26.7
24,102203037,5,4,5,3,4,4,4,5,5,4,5,5,42,28.0
25,102203039,3,4,3,4,4,5,2,4,AB,5,AB,5,37,24.7
26,102203040,4,1,3,4,0,3,4,3,4,2,5,3,33,22.0
27,102203041,5,5,5,4,2,4,5,5,5,5,5,AB,44,29.3
28,102203042,4,AB,4,5,4,5,4,4,5,5,4,4,40,26.7
29,102203043,4,4,5,5,3,3,AB,4,3,5,4,5,39,26.0
30,102203045,4,4,AB,4,4,4,4,5,5,5,4,5,40,26.7
31,102203046,5,4,3,5,4,4,4,3,5,5,5,4,41,27.3
32,102203047,AB,3,4,4,2,5,3,AB,5,5,5,4,38,25.3
33,102203049,5,4,4,4,3,4,4,3,5,5,5,5,41,27.3
34,102203051,5,3,5,4,4,5,5,4,4,5,5,5,43,28.7
35,102203052,4,1,4,AB,4,4,4,4,5,5,5,3,39,26.0
36,102203055,5,4,4,4,5,4,4,4,5,5,4,5,41,27.3
37,102203056,AB,4,4,4,AB,AB,1,4,AB,5,AB,AB,22,14.7
38,102203057,AB,3,4,4,3,4,4,3,5,5,5,2,37,24.7
39,102203058,5,3,3,4,3,5,4,4,AB,5,AB,2,36,24.0
40,102203059,5,2,4,4,4,4,5,4,4,5,4,5,40,26.7
41,102203061,5,2,5,5,2,5,4,4,3,5,5,5,43,28.7
42,102203063,5,3,5,5,4,5,4,5,5,5,5,5,45,30.0
43,102203064,2,3,AB,5,3,2,5,4,4,4,4,5,37,24.7
44,102203065,AB,AB,5,4,2,5,AB,3,5,AB,4,2,30,20.0
45,102203066,4,2,3,5,1,5,4,4,5,5,5,5,42,28.0
46,102203067,5,4,5,AB,4,5,5,5,5,5,5,5,45,30.0
47,102203069,5,4,5,5,3,4,4,3,5,5,4,4,41,27.3
48,102203070,5,3,4,4,3,5,4,3,5,AB,4,5,39,26.0
49,102203071,AB,AB,AB,5,4,5,5,AB,AB,AB,AB,AB,19,12.7
50,102203074,AB,AB,5,4,4,5,5,4,5,3,5,4,41,27.3
51,102203076,5,3,3,5,3,4,3,3,5,4,5,1,37,24.7
52,102203077,3,4,5,5,2,4,4,4,4,5,5,5,41,27.3
53,102203078,5,3,AB,5,4,5,3,5,5,5,5,5,44,29.3
54,102203084,4,4,5,5,4,5,3,5,5,4,5,5,43,28.7
55,102203090,5,4,5,4,4,5,4,AB,5,5,5,2,42,28.0
56,102203091,2,3,4,4,4,4,4,3,3,5,4,5,37,24.7
57,102203093,5,3,5,4,5,5,1,3,5,5,5,4,43,28.7
58,102203094,4,2,5,4,3,5,3,3,3,5,3,5,37,24.7
59,102203095,5,3,4,5,5,3,4,3,5,5,5,5,43,28.7
60,102203096,4,4,AB,4,5,5,5,4,5,5,5,3,42,28.0
61,102203097,AB,4,5,AB,3,5,AB,4,5,5,4,AB,35,23.3
62,102203098,5,3,3,5,4,4,4,5,5,5,5,3,42,28.0
63,102203099,5,3,5,5,5,2,4,5,5,5,5,5,45,30.0
64,102203100,5,3,5,4,3,3,3,4,5,5,4,5,40,26.7
65,102203101,4,3,5,5,3,5,4,3,5,5,5,5,43,28.7
66,102203104,5,4,5,5,4,4,4,3,5,4,4,4,40,26.7
67,102203105,4,4,3,4,4,2,AB,AB,4,5,5,5,38,25.3
68,102203108,5,3,3,5,4,4,4,4,5,5,5,5,42,28.0
69,102203109,3,3,5,4,4,5,5,5,4,5,5,5,43,28.7
70,102203110,5,3,4,5,5,5,4,5,AB,5,AB,AB,41,27.3
71,102203111,5,5,4,4,3,5,5,4,4,5,3,5,42,28.0
72,102203114,5,AB,AB,AB,3,4,AB,4,5,5,5,3,34,22.7
73,102203117,4,2,AB,3,4,5,4,4,5,5,5,4,40,26.7
74,102203120,5,AB,AB,5,4,2,2,4,5,5,5,5,40,26.7
75,102203121,4,4,5,5,4,4,5,5,5,AB,5,5,43,28.7
76,102203122,5,3,4,5,3,5,4,5,4,AB,5,5,42,28.0
77,102203126,5,2,4,5,5,5,4,5,5,5,4,5,44,29.3
78,102203127,AB,2,3,4,4,4,5,4,5,5,5,5,41,27.3
79,102203129,5,4,3,4,3,5,3,4,5,5,4,4,40,26.7
80,102203130,5,4,4,4,1,4,2,2,5,5,5,3,39,26.0
81,102203131,3,AB,4,4,1,5,AB,5,5,5,5,2,38,25.3
82,102203134,3,3,3,4,4,3,3,3,5,5,3,2,33,22.0
83,102203135,4,4,4,5,4,3,4,2,5,5,5,5,41,27.3
84,102203139,5,5,5,5,2,4,4,5,4,5,5,4,43,28.7
85,102203140,2,2,4,5,2,4,5,2,2,AB,4,4,32,21.3
86,102203142,5,4,4,5,3,3,5,4,5,5,5,5,43,28.7
87,102203150,5,2,4,5,4,5,AB,AB,AB,5,AB,AB,30,20.0
88,102203151,5,4,5,5,3,5,5,5,5,5,5,5,45,30.0
89,102203152,4,4,5,5,3,4,3,4,4,5,5,5,41,27.3
90,102203155,5,3,4,5,2,5,5,5,5,5,5,5,45,30.0
91,102203156,AB,4,4,4,4,5,5,3,5,5,5,3,41,27.3
92,102203157,3,4,5,5,2,5,3,4,4,5,4,5,41,27.3
93,102203158,5,3,4,3,1,5,4,4,5,5,5,5,42,28.0
94,102203159,5,AB,3,4,3,4,3,5,5,5,5,2,39,26.0
95,102203160,AB,4,4,5,3,5,4,5,AB,5,1,5,40,26.7
96,102203161,4,2,4,5,4,4,2,4,5,5,4,5,40,26.7
97,102203163,4,4,4,3,3,3,2,3,2,5,4,5,35,23.3
98,102203164,5,4,5,5,4,5,4,5,5,AB,5,5,44,29.3
99,102203166,4,5,4,5,2,4,5,4,5,5,5,5,43,28.7
100,102203167,4,4,AB,AB,3,5,3,3,5,5,5,5,39,26.0
101,102203170,AB,AB,4,5,5,4,AB,AB,5,5,5,5,38,25.3
102,102203172,3,AB,4,5,4,5,4,AB,5,5,5,5,42,28.0
103,102203173,5,2,5,4,4,4,4,3,5,5,5,4,41,27.3
104,102203175,3,3,5,4,5,5,4,4,5,5,5,5,43,28.7
105,102203177,4,3,4,5,3,4,2,5,AB,5,AB,AB,35,23.3
106,102203179,3,3,5,5,3,2,4,3,5,5,5,5,40,26.7
107,102203181,4,2,4,5,2,5,3,4,4,5,5,AB,39,26.0
108,102203183,4,4,4,3,4,4,4,4,4,4,5,4,37,24.7
109,102203184,AB,2,4,5,5,4,4,5,4,5,4,3,40,26.7
110,102203187,5,AB,4,4,4,4,2,5,5,5,5,AB,41,27.3
111,102203188,5,3,3,4,2,4,4,4,5,5,5,AB,39,26.0
112,102203190,5,4,3,AB,4,4,4,AB,5,5,5,5,41,27.3
113,102203191,5,2,4,5,3,5,4,3,5,5,5,5,43,28.7
114,102203192,AB,AB,AB,AB,4,4,AB,AB,5,4,5,5,27,18.0
115,102203193,2,3,4,5,4,5,4,4,5,5,5,4,41,27.3
116,102203194,5,3,4,5,5,4,5,4,5,4,4,5,42,28.0
117,102203195,5,4,5,4,4,4,AB,3,5,5,5,5,42,28.0
118,102203197,5,2,3,4,3,4,5,4,4,5,4,5,40,26.7
119,102203198,5,3,2,3,3,5,4,4,5,5,5,5,41,27.3
120,102203200,AB,4,3,4,3,5,3,5,5,5,5,5,41,27.3
121,102203205,5,5,5,5,3,5,3,4,5,5,5,5,45,30.0
122,102203207,5,3,4,5,2,4,3,4,5,5,5,5,42,28.0
123,102203208,5,4,5,4,4,5,3,3,5,5,5,3,42,28.0
124,102203211,3,4,5,5,3,4,4,4,3,5,5,5,41,27.3
125,102203262,5,AB,3,5,3,5,5,3,5,5,4,5,42,28.0
126,102203315,4,3,3,4,5,5,AB,AB,AB,5,AB,4,33,22.0
127,102203354,5,AB,5,4,3,5,5,4,5,5,4,4,42,28.0
128,102203402,4,5,5,4,2,4,2,5,5,5,5,2,42,28.0
129,102203530,AB,AB,AB,AB,AB,AB,AB,AB,AB,AB,AB,AB,0,0.0
130,102203541,5,AB,4,4,3,4,3,4,5,5,5,AB,39,26.0
131,102203574,AB,AB,AB,4,4,4,AB,4,5,5,5,5,36,24.0
132,102203651,4,AB,5,4,5,5,4,2,5,5,5,AB,42,28.0
133,102203745,5,AB,5,4,3,5,4,4,5,5,4,5,42,28.0
134,102203757,4,AB,2,4,3,5,AB,AB,5,5,5,5,38,25.3
135,102203787,AB,AB,2,5,2,4,3,3,4,5,3,3,32,21.3
136,102203889,AB,AB,AB,AB,AB,AB,AB,3,3,5,5,3,19,12.7
137,102203894,5,5,5,4,4,5,3,4,5,4,4,5,42,28.0
138,102203959,4,AB,5,5,5,4,3,5,4,AB,5,3,40,26.7
139,102203961,5,2,4,5,4,4,3,4,5,5,5,5,42,28.0
140,102203962,5,3,4,4,4,4,5,5,5,5,5,5,43,28.7
141,102203963,5,AB,3,5,3,5,AB,AB,4,5,5,3,38,25.3
142,102213016,5,3,3,4,4,5,4,5,5,5,4,4,41,27.3
143,102213027,5,3,4,5,3,4,4,5,5,5,2,4,41,27.3
144,102213028,AB,2,4,5,4,5,5,4,4,5,5,5,42,28.0
145,102253016,AB,0,AB,5,2,5,AB,3,5,5,5,3,33,22.0
146,102383002,4,1,4,4,4,5,3,4,5,5,4,4,39,26.0
147,102383003,5,2,5,5,3,5,5,4,5,AB,5,AB,42,28.0
148,102383004,5,5,5,5,3,5,5,3,5,5,5,5,45,30.0
149,102383005,5,5,4,AB,4,5,4,3,4,5,4,4,40,26.7
150,102383006,5,4,5,4,3,5,AB,4,5,5,4,5,42,28.0
151,102383014,5,4,5,2,1,4,5,3,4,5,5,5,42,28.0
152,102103120,AB,AB,4,5,2,3,AB,4,5,4,5,2,34,22.7
153,102203138,4,3,AB,4,2,4,5,3,AB,AB,5,4,34,22.7
154,102203176,5,2,AB,5,4,4,4,5,5,5,AB,5,42,28.0
155,102203202,5,4,5,4,2,2,3,2,5,5,4,5,40,26.7
156,102203206,AB,AB,AB,AB,2,5,4,4,4,5,5,2,31,20.7
157,102203213,5,4,5,4,5,3,5,3,5,5,4,5,43,28.7
158,102203214,2,1,4,2,3,2,2,5,2,3,AB,3,26,17.3
159,102203216,5,1,4,3,4,2,3,5,4,5,5,5,40,26.7
160,102203220,5,3,5,4,2,3,3,5,5,3,5,5,40,26.7
161,102203222,5,2,5,5,5,4,4,5,5,4,4,4,42,28.0
162,102203223,5,3,5,5,3,5,5,4,5,5,4,5,44,29.3
163,102203225,2,3,4,3,5,1,3,5,4,5,5,AB,37,24.7
164,102203226,5,4,4,5,4,4,4,5,4,AB,5,4,40,26.7
165,102203229,3,3,5,4,3,4,4,AB,5,3,5,5,38,25.3
166,102203232,3,4,4,5,3,3,2,3,4,4,5,3,35,23.3
167,102203233,AB,AB,AB,AB,AB,AB,AB,AB,AB,AB,AB,AB,0,0.0
168,102203234,5,4,5,5,3,3,5,3,5,5,5,5,44,29.3
169,102203235,3,1,4,4,4,3,3,5,5,5,AB,5,38,25.3
170,102203236,5,4,5,4,3,5,3,AB,5,4,4,5,41,27.3
171,102203238,5,2,4,5,3,3,3,5,5,5,5,5,42,28.0
172,102203240,5,4,3,3,4,3,4,AB,4,5,AB,AB,35,23.3
173,102203241,2,2,2,5,2,5,5,2,5,5,5,2,36,24.0
174,102203242,5,2,5,4,0,5,4,5,5,5,5,4,43,28.7
175,102203243,4,AB,AB,AB,AB,AB,AB,AB,AB,AB,AB,AB,4,2.7
176,102203244,4,2,3,4,5,2,3,4,5,AB,4,5,37,24.7
177,102203246,4,3,4,3,4,4,5,AB,AB,5,5,AB,37,24.7
178,102203248,5,3,2,AB,0,4,4,AB,5,AB,3,4,30,20.0
179,102203250,5,1,4,5,3,5,4,5,5,AB,4,4,41,27.3
180,102203252,5,3,5,4,3,3,4,4,5,AB,5,5,40,26.7
181,102203253,2,3,AB,AB,3,4,AB,4,5,3,5,AB,29,19.3
182,102203254,5,AB,AB,3,4,3,3,4,2,AB,5,2,31,20.7
183,102203255,4,2,2,AB,3,2,4,AB,5,5,5,5,35,23.3
184,102203256,4,1,2,2,AB,AB,3,3,5,5,5,2,31,20.7
185,102203259,4,4,3,4,5,4,5,4,5,5,5,5,42,28.0
186,102203260,4,3,2,5,4,5,2,4,4,AB,3,5,37,24.7
187,102203263,3,3,4,5,3,4,4,3,5,4,5,4,38,25.3
188,102203265,3,1,3,5,4,2,AB,4,0,AB,4,2,28,18.7
189,102203266,5,1,4,AB,4,AB,3,5,5,5,5,4,40,26.7
190,102203267,4,2,4,AB,5,4,4,4,AB,1,5,AB,33,22.0
191,102203270,4,5,AB,4,3,4,2,AB,5,4,5,2,36,24.0
192,102203272,5,2,4,4,3,2,4,5,4,5,5,5,41,27.3
193,102203273,3,1,4,3,2,4,4,AB,3,3,4,2,30,20.0
194,102203274,5,AB,3,5,4,5,AB,4,4,AB,AB,3,33,22.0
195,102203275,4,4,3,5,2,5,2,4,5,5,5,5,42,28.0
196,102203278,AB,AB,AB,AB,AB,AB,AB,AB,AB,AB,AB,AB,0,0.0
197,102203280,5,5,5,5,3,3,4,4,3,3,5,5,41,27.3
198,102203283,3,2,5,5,3,2,AB,3,5,4,5,2,35,23.3
199,102203284,3,1,5,5,4,4,4,5,4,2,5,5,41,27.3
200,102203285,5,2,3,5,3,4,4,AB,5,3,AB,4,36,24.0
201,102203288,4,AB,AB,2,2,4,5,3,3,5,5,4,35,23.3
202,102203289,AB,3,4,3,4,4,4,4,AB,AB,AB,5,31,20.7
203,102203291,5,3,3,4,AB,AB,4,4,5,4,4,4,37,24.7
204,102203292,5,5,4,4,AB,AB,5,5,5,5,5,5,44,29.3
205,102203293,5,1,5,5,4,3,2,5,4,4,5,3,40,26.7
206,102203295,2,1,2,3,2,3,1,4,3,AB,5,3,27,18.0
207,102203299,5,4,5,4,4,2,5,4,5,5,4,5,42,28.0
208,102203301,5,3,3,2,1,5,3,4,5,5,4,5,39,26.0
209,102203303,5,2,4,4,AB,AB,4,4,5,5,5,5,41,27.3
210,102203304,AB,4,AB,4,3,3,3,3,AB,4,5,5,34,22.7
211,102203305,4,4,5,3,3,1,4,5,5,AB,5,AB,38,25.3
212,102203307,AB,2,3,AB,4,4,5,5,5,5,5,2,38,25.3
213,102203308,AB,AB,AB,AB,AB,AB,AB,AB,AB,AB,AB,AB,0,0.0
214,102203309,5,3,5,4,3,3,4,4,5,3,5,4,39,26.0
215,102203310,3,5,4,4,3,5,5,5,4,4,5,5,42,28.0
216,102203312,AB,AB,3,4,3,2,5,3,4,AB,AB,3,27,18.0
217,102203313,4,5,4,AB,2,4,2,5,5,4,5,5,41,27.3
218,102203314,AB,5,5,5,4,4,1,5,AB,AB,5,5,39,26.0
219,102203317,4,1,4,5,2,2,2,4,5,1,5,4,35,23.3
220,102203321,0,4,5,4,4,2,4,4,5,5,5,5,41,27.3
221,102203322,AB,AB,AB,4,3,4,4,4,5,4,5,5,38,25.3
222,102203325,5,3,5,4,2,5,4,4,5,AB,5,5,42,28.0
223,102203326,AB,AB,AB,AB,AB,AB,2,5,5,5,AB,4,21,14.0
224,102203329,3,AB,5,4,3,2,3,3,2,3,AB,4,30,20.0
225,102203331,5,3,3,2,4,2,AB,0,5,4,5,5,36,24.0
226,102203332,4,5,AB,4,2,3,5,2,5,AB,5,3,36,24.0
227,102203334,5,3,AB,5,3,3,5,AB,2,3,3,AB,32,21.3
228,102203335,5,AB,3,AB,4,2,3,3,4,AB,2,3,29,19.3
229,102203337,5,2,5,4,4,4,5,4,AB,5,5,3,41,27.3
230,102203338,4,5,5,5,AB,AB,3,3,4,3,3,4,36,24.0
231,102203339,3,2,AB,4,4,0,3,3,1,2,4,2,27,18.0
232,102203341,3,AB,4,AB,2,4,AB,5,0,1,AB,3,22,14.7
233,102203343,4,AB,4,AB,0,3,4,4,4,5,5,4,37,24.7
234,102203344,4,1,4,4,4,4,4,2,5,5,5,5,40,26.7
235,102203345,2,1,2,5,AB,AB,3,4,5,5,5,4,35,23.3
236,102203348,5,5,3,4,2,2,4,2,4,5,5,5,40,26.7
237,102203349,AB,AB,4,5,AB,AB,5,4,5,AB,5,3,31,20.7
238,102203350,AB,1,5,4,4,3,3,5,4,5,5,4,39,26.0
239,102203351,3,AB,AB,4,5,2,4,2,1,4,5,2,31,20.7
240,102203352,5,2,2,2,5,2,3,3,5,5,5,3,36,24.0
241,102203353,3,5,5,4,4,3,3,5,5,4,4,5,41,27.3
242,102203356,5,4,4,5,3,3,4,AB,5,5,4,5,41,27.3
243,102203358,5,AB,3,3,5,4,2,5,2,4,5,5,39,26.0
244,102203359,5,4,5,4,5,4,0,4,5,5,5,2,42,28.0
245,102203362,5,4,3,5,5,5,5,4,4,5,4,AB,42,28.0
246,102203363,5,AB,4,5,2,4,4,AB,5,5,5,3,40,26.7
247,102203365,AB,3,4,AB,3,4,4,3,AB,AB,AB,5,26,17.3
248,102203366,5,4,5,5,3,4,5,4,4,5,5,5,43,28.7
249,102203369,5,3,4,4,3,5,4,4,5,3,5,4,40,26.7
250,102203371,3,AB,4,4,2,4,3,4,4,AB,5,2,33,22.0
251,102203372,4,AB,3,AB,3,2,AB,3,3,4,5,4,31,20.7
252,102203375,4,5,5,5,4,4,5,5,5,4,5,5,44,29.3
253,102203376,5,4,4,5,4,3,4,4,5,4,5,5,41,27.3
254,102203378,4,2,3,4,3,4,5,4,5,5,5,5,41,27.3
255,102203379,4,2,3,4,3,3,4,AB,4,5,5,4,36,24.0
256,102203380,5,2,3,4,4,5,4,5,4,5,5,5,42,28.0
257,102203383,4,3,4,3,4,4,3,4,4,5,4,2,36,24.0
258,102203384,4,5,AB,5,4,2,4,4,5,5,4,5,41,27.3
259,102203386,5,3,3,4,3,5,4,3,4,5,5,5,40,26.7
260,102203387,5,3,AB,4,5,4,AB,4,5,AB,5,4,39,26.0
261,102203393,5,4,5,5,5,3,4,4,4,4,5,5,42,28.0
262,102203395,4,1,3,4,2,2,AB,AB,5,4,5,5,34,22.7
263,102203397,5,3,4,5,2,4,5,3,5,4,4,AB,39,26.0
264,102203400,4,4,5,4,5,4,4,4,4,5,AB,5,40,26.7
265,102203403,4,4,AB,4,3,2,3,3,5,2,5,AB,33,22.0
266,102203405,5,4,4,5,4,4,3,AB,5,4,5,4,40,26.7
267,102203408,5,2,AB,4,3,2,3,4,AB,AB,AB,AB,23,15.3
268,102203409,4,2,4,5,3,4,3,3,5,5,5,5,40,26.7
269,102203413,5,AB,5,4,3,5,4,5,5,AB,AB,5,41,27.3
270,102203414,4,2,4,4,3,4,3,5,5,5,5,4,40,26.7
271,102203415,4,5,3,4,5,5,3,2,3,4,4,4,38,25.3
272,102203416,2,2,3,4,4,1,4,4,4,5,5,5,38,25.3
273,102203419,2,3,4,3,2,3,3,3,4,4,5,4,33,22.0
274,102203420,4,2,AB,2,3,2,AB,4,4,4,5,AB,30,20.0
275,102203421,3,4,AB,4,AB,AB,4,AB,5,4,5,5,34,22.7
276,102203423,AB,2,2,5,4,5,3,3,4,5,AB,5,36,24.0
277,102203424,AB,1,5,5,4,4,4,4,5,5,5,4,41,27.3
278,102203428,5,4,4,5,4,5,4,AB,5,AB,5,AB,41,27.3
279,102203429,4,5,4,4,2,2,5,4,5,4,5,2,40,26.7
280,102203430,3,2,4,5,5,4,AB,5,5,5,5,AB,41,27.3
281,102203431,4,2,4,4,3,4,4,5,5,5,AB,2,38,25.3
282,102203436,5,1,5,3,4,4,5,4,4,2,4,AB,38,25.3
283,102203437,5,3,4,3,3,3,4,AB,5,3,5,AB,35,23.3
284,102203438,4,4,4,3,2,4,3,2,4,3,5,2,34,22.7
285,102203491,AB,2,2,4,2,4,3,3,0,2,5,2,27,18.0
286,102203718,5,2,3,4,3,4,4,4,5,5,5,5,41,27.3
287,102203789,4,4,5,4,1,4,4,5,AB,5,3,5,40,26.7
288,102203823,2,2,5,3,5,2,3,5,5,5,5,4,40,26.7
289,102203915,4,1,4,5,0,3,4,3,5,5,4,5,39,26.0
290,102203965,5,3,4,4,AB,AB,2,3,5,5,5,5,39,26.0
291,102203966,3,3,AB,4,4,5,5,AB,4,4,5,5,39,26.0
292,102203969,AB,2,AB,5,4,3,4,4,5,5,5,5,40,26.7
293,102203970,3,1,4,4,5,5,4,4,4,AB,5,5,40,26.7
294,102253001,4,3,5,4,2,5,2,AB,5,5,4,5,40,26.7
295,102383007,5,3,5,4,4,5,3,3,5,5,4,5,42,28.0
296,102383009,AB,3,2,4,2,3,5,3,AB,5,5,5,35,23.3
297,102383011,5,3,4,5,4,5,AB,5,5,AB,5,3,41,27.3
298,102383012,4,5,3,4,4,3,5,5,5,4,5,AB,41,27.3
299,102383013,4,AB,4,4,4,4,2,4,5,5,5,4,39,26.0
300,102383015,4,3,4,5,3,5,5,4,4,4,4,5,40,26.7
301,102383016,AB,2,4,4,2,4,4,5,5,5,4,5,40,26.7
302,102383055,AB,1,AB,2,4,0,2,1,5,4,5,4,28,18.7
303,102103383,AB,AB,AB,AB,AB,AB,3,4,5,4,4,4,24,16.0
304,102103516,AB,AB,AB,AB,AB,AB,4,3,AB,AB,AB,AB,7,4.7
305,102103783,AB,AB,4,1,2,4,5,4,5,5,4,4,37,24.7
306,102203001,4,4,5,4,4,5,5,2,5,5,5,5,43,28.7
307,102203106,5,5,5,5,3,5,4,5,5,5,4,5,45,30.0
308,102203116,4,4,3,AB,AB,5,4,5,5,5,5,4,41,27.3
309,102203228,AB,AB,4,5,3,3,AB,AB,4,5,AB,AB,24,16.0
310,102203327,5,5,5,AB,3,4,4,3,4,5,4,3,39,26.0
311,102203357,2,2,4,AB,4,AB,AB,4,5,5,AB,AB,26,17.3
312,102203388,5,5,1,3,AB,4,4,5,2,5,4,5,40,26.7
313,102203411,AB,AB,3,1,2,4,2,4,5,4,5,5,34,22.7
314,102203425,5,5,5,4,4,AB,3,4,4,5,5,5,42,28.0
315,102203439,5,5,5,4,3,5,4,3,5,4,4,5,42,28.0
316,102203440,5,5,5,5,5,5,3,4,5,5,5,5,45,30.0
317,102203441,4,4,4,5,4,4,5,5,5,4,AB,AB,40,26.7
318,102203446,5,5,5,4,2,5,4,3,4,5,5,5,43,28.7
319,102203448,5,5,5,4,2,5,2,4,3,4,5,5,42,28.0
320,102203449,5,5,3,3,5,5,5,4,5,5,5,5,45,30.0
321,102203450,5,5,5,4,5,4,3,4,5,5,4,4,42,28.0
322,102203451,5,5,5,5,3,5,4,4,4,5,5,5,44,29.3
323,102203455,2,2,5,5,4,4,5,3,5,4,4,4,40,26.7
324,102203456,4,4,5,5,3,4,2,5,4,5,5,5,42,28.0
325,102203457,5,5,AB,5,2,4,2,5,5,5,5,3,42,28.0
326,102203459,4,4,2,5,AB,3,3,4,5,4,5,2,37,24.7
327,102203461,5,5,3,5,4,5,4,4,4,5,5,5,43,28.7
328,102203462,5,5,4,5,4,3,4,4,5,5,5,5,43,28.7
329,102203466,5,5,AB,4,2,5,3,4,5,5,5,5,43,28.7
330,102203468,3,3,4,4,2,3,AB,3,5,5,5,2,35,23.3
331,102203469,5,5,4,5,4,5,AB,AB,5,4,4,5,42,28.0
332,102203470,5,5,5,5,4,AB,2,3,5,4,5,5,43,28.7
333,102203475,4,4,4,4,4,AB,1,4,5,5,5,3,39,26.0
334,102203476,3,3,4,AB,AB,AB,AB,AB,AB,3,4,5,22,14.7
335,102203478,5,5,3,5,AB,5,AB,AB,5,2,4,5,39,26.0
336,102203479,4,4,5,4,1,5,AB,5,4,4,5,5,41,27.3
337,102203480,5,5,4,4,4,5,5,3,4,5,5,5,43,28.7
338,102203482,4,4,AB,AB,1,5,AB,5,5,5,5,5,39,26.0
339,102203483,3,3,1,4,5,4,5,5,4,5,5,5,42,28.0
340,102203488,5,5,3,5,5,4,4,4,5,5,5,5,44,29.3
341,102203490,AB,AB,4,AB,2,AB,AB,AB,5,4,AB,AB,15,10.0
342,102203492,5,5,5,4,4,4,3,4,4,4,4,1,39,26.0
343,102203494,3,3,3,5,4,2,3,3,5,5,AB,4,35,23.3
344,102203495,5,5,3,4,5,4,5,3,5,5,5,5,44,29.3
345,102203496,5,5,5,4,3,5,4,5,4,5,5,5,44,29.3
346,102203497,5,5,1,5,4,4,3,2,5,5,5,5,43,28.7
347,102203502,5,5,AB,AB,AB,4,AB,AB,AB,AB,0,3,17,11.3
348,102203504,4,4,3,5,5,5,4,5,5,4,5,5,43,28.7
349,102203505,5,5,4,5,4,5,4,4,5,5,5,5,44,29.3
350,102203506,AB,AB,4,3,4,5,4,4,5,5,5,5,41,27.3
351,102203507,5,5,3,4,3,4,4,4,5,5,4,5,41,27.3
352,102203508,5,5,5,5,4,AB,2,4,5,5,5,5,44,29.3
353,102203510,4,4,5,5,5,5,3,5,5,5,4,5,44,29.3
354,102203513,5,5,5,3,2,AB,5,3,4,5,5,5,42,28.0
355,102203522,4,4,5,AB,5,4,4,5,5,5,5,5,43,28.7
356,102203523,5,5,4,5,4,4,4,3,5,5,5,4,42,28.0
357,102203525,5,5,4,4,4,4,2,4,5,5,5,5,42,28.0
358,102203526,5,5,4,5,3,4,4,4,5,5,5,5,43,28.7
359,102203528,5,5,4,3,AB,3,4,5,5,5,5,5,43,28.7
360,102203531,5,5,5,5,4,4,5,4,5,5,5,5,45,30.0
361,102203532,4,4,5,3,3,5,4,5,5,5,4,5,42,28.0
362,102203533,5,5,5,5,1,3,2,4,4,5,AB,AB,38,25.3
363,102203536,5,5,5,4,4,4,4,5,5,5,5,5,44,29.3
364,102203537,4,4,5,5,4,4,2,4,5,5,5,5,42,28.0
365,102203538,5,5,4,4,4,5,5,4,5,5,5,4,43,28.7
366,102203539,5,5,AB,AB,5,5,4,4,4,5,4,3,41,27.3
367,102203545,2,2,1,4,3,4,5,5,4,5,5,3,38,25.3
368,102203546,3,3,5,5,4,5,3,4,4,5,AB,AB,38,25.3
369,102203547,5,5,5,5,2,5,2,2,5,5,4,5,44,29.3
370,102203548,4,4,4,4,3,5,4,3,5,5,5,3,40,26.7
371,102203549,5,5,3,4,1,3,4,3,4,3,4,5,37,24.7
372,102203553,5,5,4,3,3,5,3,4,5,5,3,4,40,26.7
373,102203554,AB,AB,4,4,4,AB,4,3,5,5,5,5,39,26.0
374,102203559,AB,AB,4,5,5,4,3,3,5,5,5,5,41,27.3
375,102203560,4,5,4,5,5,5,4,3,4,5,5,3,42,28.0
376,102203567,5,4,5,4,3,3,4,5,5,4,4,5,41,27.3
377,102203575,5,4,5,5,AB,5,4,4,4,5,4,4,41,27.3
378,102203576,5,5,5,AB,4,4,AB,AB,5,5,5,5,43,28.7
379,102203578,AB,AB,5,4,4,4,2,4,5,5,3,4,38,25.3
380,102203579,5,5,5,4,5,5,4,3,4,5,5,3,43,28.7
381,102203580,5,5,2,AB,1,4,3,4,4,5,4,4,38,25.3
382,102203582,5,5,5,4,3,5,4,3,3,5,5,5,43,28.7
383,102203584,4,5,4,3,4,4,4,5,5,5,5,5,42,28.0
384,102203585,4,5,5,4,3,5,3,4,4,4,5,3,40,26.7
385,102203587,5,5,5,4,4,5,4,4,5,5,5,4,43,28.7
386,102203588,5,4,4,5,3,3,3,4,4,5,AB,AB,37,24.7
387,102203589,5,4,5,4,4,5,AB,AB,5,5,5,4,42,28.0
388,102203592,5,5,4,5,2,5,3,5,4,5,3,3,41,27.3
389,102203593,4,5,4,5,2,4,4,4,5,5,5,5,42,28.0
390,102203598,5,5,5,5,1,4,4,4,4,5,5,4,42,28.0
391,102203603,4,5,5,5,3,3,2,3,5,5,5,5,42,28.0
392,102203604,5,4,5,4,5,4,4,4,5,5,5,5,43,28.7
393,102203606,5,5,3,3,1,3,AB,AB,5,5,4,4,37,24.7
394,102203607,5,4,3,5,2,4,5,5,5,4,5,2,42,28.0
395,102203608,4,5,4,5,AB,5,3,3,5,5,5,4,42,28.0
396,102203609,O AB,AB,5,AB,0,AB,AB,AB,4,5,3,3,20,13.3
397,102203611,5,5,2,5,3,4,4,3,4,5,5,5,42,28.0
398,102203612,5,5,4,5,AB,5,4,3,5,5,5,5,44,29.3
399,102203613,5,4,5,4,3,5,4,4,5,5,5,4,42,28.0
400,102203616,5,5,4,AB,2,5,5,3,5,5,5,5,44,29.3
401,102203618,4,5,5,3,AB,5,5,4,4,5,5,5,43,28.7
402,102203620,5,5,3,5,4,5,2,5,5,5,5,3,44,29.3
403,102203624,4,5,3,5,4,5,3,4,5,5,5,5,43,28.7
404,102203625,5,5,5,4,3,5,3,4,5,5,5,4,43,28.7
405,102203627,5,4,4,5,AB,4,AB,AB,AB,AB,2,2,26,17.3
406,102203629,5,5,4,4,AB,5,4,3,5,5,3,5,42,28.0
407,102203630,5,4,5,3,AB,3,3,4,4,5,4,5,39,26.0
408,102203631,4,5,5,5,AB,5,1,3,5,4,5,4,42,28.0
409,102203632,5,5,4,AB,2,5,4,3,5,5,4,5,42,28.0
410,102203633,4,5,4,3,AB,5,3,3,4,5,AB,AB,36,24.0
411,102203635,5,5,5,5,4,4,4,5,4,5,5,5,44,29.3
412,102203636,5,4,5,4,4,4,4,5,4,5,5,5,42,28.0
413,102203637,5,5,5,3,3,4,3,4,4,5,4,5,41,27.3
414,102203641,4,4,AB,4,AB,5,AB,AB,AB,5,AB,AB,22,14.7
415,102203647,5,5,AB,4,3,4,3,4,5,5,5,3,40,26.7
416,102203648,5,5,5,5,AB,3,5,4,5,5,5,5,45,30.0
417,102203652,5,5,4,5,AB,4,3,4,5,5,3,3,40,26.7
418,102203655,5,4,AB,AB,AB,AB,AB,AB,2,4,AB,AB,15,10.0
419,102203657,5,5,4,5,3,5,3,3,5,5,5,5,44,29.3
420,102203660,5,5,5,4,2,3,3,4,4,5,4,3,39,26.0
421,102203661,4,5,4,5,AB,5,5,4,4,5,4,3,41,27.3
422,102203663,4,5,5,5,4,5,4,5,5,5,4,5,44,29.3
423,102203665,5,5,3,5,2,4,4,5,5,5,5,4,43,28.7
424,102203669,5,5,4,4,2,3,4,3,5,5,5,5,42,28.0
425,102203673,5,4,5,5,AB,3,5,4,5,5,5,4,43,28.7
426,102203674,5,4,5,4,4,3,1,5,5,4,5,4,41,27.3
427,102203675,5,5,3,5,4,5,2,5,4,5,5,5,44,29.3
428,102203676,5,5,AB,4,1,3,4,4,5,5,5,5,42,28.0
429,102203678,4,5,5,4,3,4,4,4,5,5,4,3,40,26.7
430,102203680,4,5,AB,5,4,3,5,5,5,5,4,4,42,28.0
431,102203689,5,5,4,5,AB,4,3,4,5,5,5,4,42,28.0
432,102203743,5,5,3,AB,AB,5,2,4,5,5,AB,AB,34,22.7
433,102203752,5,4,3,5,3,AB,AB,AB,AB,AB,AB,AB,20,13.3
434,102203792,5,4,5,5,2,5,4,4,5,5,AB,AB,42,28.0
435,102203908,5,5,3,5,AB,5,2,3,5,5,4,5,42,28.0
436,102203975,4,5,4,AB,3,5,3,4,5,5,5,4,41,27.3
437,102203977,5,5,4,5,AB,4,3,5,4,5,5,5,43,28.7
438,102203978,0,5,4,4,3,4,5,4,5,5,5,5,42,28.0
439,102203980,5,5,5,4,2,5,4,4,5,5,4,5,43,28.7
440,102213030,5,4,3,5,AB,5,4,3,3,5,4,5,40,26.7
441,102253010,5,5,3,5,AB,4,3,4,4,4,5,5,41,27.3
442,102383018,AB,AB,AB,AB,AB,AB,AB,AB,AB,AB,AB,AB,0,0.0
443,102383019,5,5,4,5,3,3,2,3,4,5,5,5,41,27.3
444,102383020,5,5,4,4,0,3,2,3,AB,AB,AB,AB,26,17.3
445,102383022,2,5,5,5,4,4,3,4,5,5,5,3,42,28.0
446,102383024,AB,AB,5,4,AB,4,3,3,4,5,4,5,37,24.7
447,102383025,AB,AB,AB,AB,AB,AB,AB,AB,AB,AB,AB,AB,0,0.0
448,102383026,0,5,3,3,5,5,5,5,5,5,5,4,44,29.3
449,102383027,0,5,4,AB,AB,4,4,3,4,4,5,5,38,25.3
450,102383029,0,5,1,3,3,AB,5,5,5,5,4,5,40,26.7
451,102383051,0,2,5,5,AB,3,AB,AB,5,5,4,5,34,22.7
452,102383052,AB,AB,5,5,AB,5,3,4,4,5,4,3,38,25.3
453,102383063,AB,AB,5,5,3,3,4,4,5,5,5,4,40,26.7
454,102203082,4,3,4,4,4,3,3,5,5,5,5,5,41,27.3
455,102203102,5,4,5,5,4,3,AB,AB,AB,5,AB,2,33,22.0
456,102203137,5,4,AB,5,4,4,4,4,5,5,AB,4,40,26.7
457,102203209,4,3,5,4,3,5,4,4,5,5,4,AB,40,26.7
458,102203249,5,3,4,4,3,5,4,4,5,5,4,5,41,27.3
459,102203509,5,3,5,AB,2,4,4,2,5,AB,5,5,38,25.3
460,102203534,AB,0,AB,AB,4,4,3,3,5,5,5,3,32,21.3
461,102203543,4,AB,5,5,3,5,3,4,5,5,4,5,42,28.0
462,102203594,5,3,AB,4,4,AB,4,3,AB,5,4,5,37,24.7
463,102203596,4,0,4,4,2,5,5,4,5,5,5,4,41,27.3
464,102203597,5,5,4,4,4,5,2,4,4,5,5,5,42,28.0
465,102203601,AB,AB,AB,AB,AB,AB,AB,AB,AB,AB,AB,AB,0,0.0
466,102203679,5,3,4,5,4,AB,4,4,5,4,5,5,41,27.3
467,102203681,4,4,4,5,3,5,3,3,5,AB,5,3,38,25.3
468,102203683,4,4,4,5,4,4,AB,AB,4,5,2,3,37,24.7
469,102203685,AB,4,2,5,3,4,4,5,4,5,5,5,41,27.3
470,102203686,5,AB,4,5,3,5,3,5,5,5,5,5,44,29.3
471,102203693,5,4,4,5,2,5,4,5,5,5,3,3,42,28.0
472,102203694,5,4,5,5,3,3,4,4,4,5,AB,5,41,27.3
473,102203695,4,3,4,5,4,3,4,4,5,5,4,5,40,26.7
474,102203696,4,AB,3,5,4,AB,AB,AB,5,5,5,1,32,21.3
475,102203697,5,4,AB,5,3,5,5,4,3,5,5,5,43,28.7
476,102203698,5,3,5,4,4,4,3,3,5,5,5,5,42,28.0
477,102203699,5,1,5,5,5,3,4,4,5,5,5,5,44,29.3
478,102203701,5,5,5,5,2,5,3,5,5,5,5,5,45,30.0
479,102203702,3,1,3,4,AB,5,2,5,AB,AB,AB,AB,23,15.3
480,102203703,5,5,3,4,4,4,5,5,4,5,4,5,42,28.0
481,102203704,AB,5,AB,4,4,5,5,4,5,AB,4,4,40,26.7
482,102203708,4,1,5,AB,3,5,4,3,5,AB,4,5,38,25.3
483,102203711,4,2,3,5,AB,4,3,3,5,5,5,2,37,24.7
484,102203713,5,5,4,4,4,4,3,5,5,AB,5,1,41,27.3
485,102203714,5,5,4,5,1,5,4,3,3,5,AB,AB,39,26.0
486,102203715,AB,2,5,5,4,5,3,4,4,5,5,5,42,28.0
487,102203717,5,AB,4,AB,4,4,3,4,3,AB,4,4,35,23.3
488,102203719,4,4,4,4,4,3,AB,AB,AB,AB,AB,AB,23,15.3
489,102203720,5,1,4,5,2,5,5,5,4,5,5,5,44,29.3
490,102203722,5,2,5,5,3,4,5,5,5,5,AB,5,44,29.3
491,102203723,AB,5,5,4,2,5,3,4,AB,5,5,5,41,27.3
492,102203725,5,5,3,5,4,5,3,5,5,5,5,3,44,29.3
493,102203726,5,5,4,4,2,AB,4,4,5,5,4,4,40,26.7
494,102203729,4,5,4,5,AB,4,2,5,5,5,AB,3,40,26.7
495,102203730,4,4,4,5,4,5,4,5,5,AB,5,5,42,28.0
496,102203731,5,2,4,5,2,4,4,3,5,AB,5,AB,37,24.7
497,102203732,4,4,2,2,2,4,3,2,5,5,AB,1,31,20.7
498,102203733,5,3,4,4,3,4,4,5,5,5,5,3,41,27.3
499,102203734,5,4,5,5,AB,5,2,4,3,5,5,5,43,28.7
500,102203736,5,4,4,5,2,4,4,5,5,5,5,5,43,28.7
501,102203738,5,2,4,AB,3,5,4,5,5,5,5,3,41,27.3
502,102203739,4,AB,4,5,AB,4,2,4,5,AB,AB,1,29,19.3
503,102203741,AB,3,3,3,4,5,4,4,5,5,AB,5,38,25.3
504,102203742,4,2,4,AB,4,AB,AB,AB,AB,5,5,4,28,18.7
505,102203744,3,4,3,5,5,5,3,4,5,AB,5,4,40,26.7
506,102203747,5,3,4,4,AB,AB,AB,AB,4,5,AB,5,30,20.0
507,102203753,5,3,4,5,4,5,AB,AB,4,5,5,2,40,26.7
508,102203754,2,1,5,4,2,4,5,3,5,4,5,3,38,25.3
509,102203755,5,2,4,4,4,4,2,4,5,5,5,5,41,27.3
510,102203756,4,4,4,4,3,5,3,4,5,5,AB,3,38,25.3
511,102203758,5,4,4,5,2,4,5,4,4,5,4,5,41,27.3
512,102203759,5,4,3,4,5,5,4,5,5,5,5,5,44,29.3
513,102203761,AB,4,5,4,3,5,4,4,5,5,5,4,41,27.3
514,102203765,5,AB,4,4,3,5,4,4,2,4,5,3,38,25.3
515,102203766,5,4,5,4,AB,4,4,4,5,5,5,4,41,27.3
516,102203768,5,2,5,4,5,4,4,5,5,5,5,4,43,28.7
517,102203769,5,3,AB,4,5,5,4,4,4,5,5,3,41,27.3
518,102203771,5,4,4,4,3,5,2,3,AB,4,3,5,37,24.7
519,102203772,3,4,4,5,4,2,5,3,5,5,4,AB,39,26.0
520,102203773,5,3,4,4,3,5,5,2,5,4,4,5,41,27.3
521,102203776,5,3,3,5,AB,5,3,4,5,4,AB,3,37,24.7
522,102203777,5,0,5,5,4,5,4,4,5,5,5,AB,43,28.7
523,102203778,5,4,4,5,2,5,5,3,5,5,4,5,43,28.7
524,102203783,4,3,4,5,5,5,4,4,3,5,3,3,39,26.0
525,102203784,5,3,4,5,4,5,4,4,4,5,5,5,42,28.0
526,102203785,4,4,4,5,4,4,5,4,5,5,5,5,42,28.0
527,102203786,AB,3,5,5,2,4,3,3,5,5,5,5,40,26.7
528,102203788,5,3,5,5,5,5,4,4,4,5,AB,3,42,28.0
529,102203790,3,4,5,4,3,5,4,3,AB,5,5,1,38,25.3
530,102203791,5,1,4,AB,5,3,AB,AB,4,4,AB,2,28,18.7
531,102203793,5,3,5,AB,5,4,4,3,5,5,4,5,42,28.0
532,102203795,AB,1,4,3,5,AB,3,4,5,5,5,5,39,26.0
533,102203796,5,3,5,5,AB,4,3,4,5,5,AB,5,41,27.3
534,102203797,3,5,5,3,4,5,3,5,5,5,AB,5,42,28.0
535,102203798,4,5,4,5,3,5,4,3,AB,5,5,4,41,27.3
536,102203801,5,4,3,5,AB,3,4,5,5,4,3,AB,38,25.3
537,102203802,4,2,5,5,AB,4,4,5,5,5,5,5,43,28.7
538,102203804,5,3,4,5,5,5,3,5,5,5,AB,5,44,29.3
539,102203806,3,3,4,3,4,5,4,4,5,5,4,3,38,25.3
540,102203808,5,5,5,5,4,4,4,5,5,5,4,3,43,28.7
541,102203809,AB,AB,5,AB,AB,4,2,4,5,5,AB,5,30,20.0
542,102203810,5,AB,3,5,4,AB,3,4,5,4,5,3,38,25.3
543,102203812,AB,4,4,3,3,4,3,4,5,5,5,1,37,24.7
544,102203815,4,5,4,4,4,3,5,4,5,4,4,AB,39,26.0
545,102203816,5,4,4,5,4,5,5,5,4,AB,4,5,42,28.0
546,102203818,4,3,5,5,3,4,3,4,5,5,5,5,42,28.0
547,102203819,5,3,5,5,4,4,4,5,4,5,AB,4,41,27.3
548,102203820,5,4,5,4,2,AB,3,5,5,5,3,5,41,27.3
549,102203821,4,AB,5,3,3,5,5,3,5,AB,5,5,40,26.7
550,102203822,AB,3,4,AB,3,4,5,5,5,5,4,5,40,26.7
551,102203826,5,4,5,5,2,5,3,5,4,5,5,5,44,29.3
552,102203827,5,0,4,5,4,5,3,4,5,5,5,5,43,28.7
553,102203828,3,4,4,4,3,4,2,5,4,5,4,4,38,25.3
554,102203829,5,AB,4,5,2,AB,3,4,AB,5,AB,2,30,20.0
555,102203831,5,2,5,5,AB,4,3,5,5,5,5,5,44,29.3
556,102203833,4,1,4,4,5,AB,2,4,5,AB,4,5,37,24.7
557,102203838,4,4,3,4,2,4,4,3,5,5,5,4,39,26.0
558,102203840,4,4,5,5,2,3,3,5,4,5,5,3,40,26.7
559,102203841,4,1,5,5,3,5,2,3,5,3,4,2,37,24.7
560,102203842,5,5,5,5,2,3,4,3,5,5,5,4,43,28.7
561,102203846,5,2,4,5,4,4,AB,AB,5,5,5,5,42,28.0
562,102203847,4,3,2,4,5,2,4,5,5,4,5,4,40,26.7
563,102203849,5,3,5,4,4,5,2,4,5,4,5,5,42,28.0
564,102203851,5,0,5,4,3,5,4,3,5,5,AB,5,41,27.3
565,102203852,2,3,4,5,4,4,5,4,5,5,4,5,41,27.3
566,102203854,AB,4,5,4,2,5,4,4,5,5,5,5,42,28.0
567,102203856,5,AB,5,4,4,5,4,4,AB,5,5,2,41,27.3
568,102203857,5,2,5,4,AB,5,3,4,5,5,AB,4,40,26.7
569,102203858,5,3,5,4,2,5,2,5,5,5,4,5,43,28.7
570,102203859,5,2,4,5,3,4,3,4,AB,4,5,4,38,25.3
571,102203860,4,3,2,3,2,4,4,4,4,4,5,AB,35,23.3
572,102203862,5,3,4,5,3,3,3,4,AB,5,AB,5,37,24.7
573,102203863,4,3,4,4,AB,4,4,5,5,AB,4,5,39,26.0
574,102203864,AB,3,3,3,AB,4,5,3,4,5,AB,3,33,22.0
575,102203867,2,2,AB,5,4,5,4,5,5,5,AB,5,40,26.7
576,102203869,5,3,4,4,3,4,4,4,5,5,5,5,41,27.3
577,102203870,4,4,4,5,4,5,3,4,AB,5,5,5,41,27.3
578,102203873,AB,AB,4,5,5,5,4,4,5,AB,5,2,39,26.0
579,102203874,3,3,4,4,3,3,2,4,5,5,5,5,38,25.3
580,102203875,5,5,4,4,3,5,4,4,5,5,5,4,42,28.0
581,102203876,5,3,4,4,4,4,1,4,5,5,5,4,40,26.7
582,102203881,AB,AB,5,4,4,5,4,3,5,5,5,5,42,28.0
583,102203882,5,0,5,4,3,5,4,4,4,5,AB,5,41,27.3
584,102203883,4,5,3,5,4,4,4,4,5,5,5,5,42,28.0
585,102203884,5,3,4,5,3,4,2,4,5,5,5,5,42,28.0
586,102203887,5,5,4,5,3,4,4,5,5,5,AB,5,43,28.7
587,102203891,AB,AB,5,5,5,4,5,3,5,AB,5,AB,37,24.7
588,102203897,5,3,AB,4,AB,4,3,3,AB,5,4,5,36,24.0
589,102203912,5,5,5,AB,3,5,AB,AB,4,5,AB,AB,32,21.3
590,102203982,5,4,5,4,4,5,4,3,5,5,5,5,43,28.7
591,102203983,4,3,5,4,3,3,4,4,5,AB,5,2,37,24.7
592,102203987,2,4,3,4,AB,4,2,5,4,5,5,3,37,24.7
593,102203989,5,4,AB,5,4,5,5,4,5,5,5,2,43,28.7
594,102203992,5,2,4,5,3,4,3,4,5,5,AB,5,40,26.7
595,102203993,AB,2,4,AB,4,AB,4,4,AB,AB,4,4,26,17.3
596,102253011,4,5,AB,3,3,AB,5,5,5,5,5,5,42,28.0
597,102253015,5,4,4,4,1,AB,4,4,5,5,5,AB,40,26.7
598,102383033,AB,AB,3,4,AB,5,5,2,AB,5,AB,AB,24,16.0
599,102383035,5,3,5,AB,AB,3,4,4,5,5,4,5,40,26.7
600,102383044,2,4,4,AB,4,4,3,5,AB,5,AB,4,35,23.3
601,102383045,2,2,5,AB,3,4,3,5,5,5,AB,4,36,24.0
602,702200031,AB,AB,5,4,3,AB,4,4,5,AB,5,AB,30,20.0
603,102103005,5,5,5,5,5,5,4,AB,4,5,4,1,43,28.7
604,102103516,AB,AB,5,5,2,4,3,AB,5,5,4,3,36,24.0
605,102203006,5,5,1,5,4,5,3,5,5,4,4,4,42,28.0
606,102203010,5,4,5,AB,1,4,4,4,4,5,3,5,40,26.7
607,102203011,5,2,4,4,0,5,3,4,5,5,5,4,41,27.3
608,102203019,5,4,3,AB,3,5,4,4,5,4,4,2,38,25.3
609,102203038,4,5,2,5,5,5,3,3,5,5,5,5,44,29.3
610,102203048,4,4,4,4,4,5,3,4,4,5,5,3,39,26.0
611,102203062,4,4,5,4,5,4,3,5,5,5,4,5,42,28.0
612,102203068,AB,2,AB,4,AB,1,3,3,3,4,4,3,27,18.0
613,102203075,5,1,5,5,2,5,2,4,3,5,3,5,40,26.7
614,102203079,4,4,4,AB,3,3,5,AB,3,5,4,4,36,24.0
615,102203083,5,1,5,5,2,4,4,4,4,5,5,5,42,28.0
616,102203092,5,4,5,4,2,3,3,5,AB,AB,AB,AB,31,20.7
617,102203107,4,3,4,4,1,4,4,4,5,4,4,4,37,24.7
618,102203112,5,3,5,5,4,5,5,4,5,5,5,4,44,29.3
619,102203132,AB,4,4,3,3,4,5,4,5,5,4,3,38,25.3
620,102203141,5,2,3,5,5,5,5,5,5,4,5,5,45,30.0
621,102203162,5,5,2,5,3,5,3,5,5,5,4,2,42,28.0
622,102203174,AB,3,4,4,AB,5,4,4,4,5,5,4,39,26.0
623,102203185,5,3,4,5,3,3,5,5,4,4,4,3,39,26.0
624,102203196,5,4,5,4,4,4,3,3,5,5,4,3,40,26.7
625,102203247,5,3,4,AB,3,4,4,5,4,5,5,5,41,27.3
626,102203251,5,2,5,AB,5,3,2,5,5,5,4,2,39,26.0
627,102203264,5,3,3,4,3,4,4,3,5,5,5,5,40,26.7
628,102203268,5,4,4,5,2,4,2,4,5,4,5,5,41,27.3
629,102203271,5,0,4,5,4,4,4,AB,5,5,4,4,40,26.7
630,102203276,5,4,2,AB,3,5,5,4,3,5,3,3,37,24.7
631,102203277,5,4,4,4,3,5,4,5,4,5,5,5,42,28.0
632,102203286,4,AB,5,AB,4,5,2,4,5,2,4,4,37,24.7
633,102203287,3,AB,2,5,2,4,3,AB,3,4,5,1,31,20.7
634,102203296,5,4,4,4,2,4,4,4,4,5,5,2,39,26.0
635,102203316,4,AB,4,5,5,5,3,AB,5,5,5,2,41,27.3
636,102203318,5,3,3,5,5,4,4,5,5,4,5,3,42,28.0
637,102203320,2,1,AB,AB,1,5,2,AB,3,5,5,3,27,18.0
638,102203323,5,3,5,4,3,4,2,3,4,4,5,5,39,26.0
639,102203347,4,3,5,4,5,5,5,4,4,5,4,4,41,27.3
640,102203364,4,1,4,4,AB,4,4,3,5,5,5,2,38,25.3
641,102203367,AB,2,5,5,3,5,3,5,4,5,5,2,40,26.7
642,102203390,AB,2,5,4,3,4,3,4,5,5,4,5,39,26.0
643,102203396,5,4,5,5,2,4,4,4,5,5,3,1,41,27.3
644,102203399,5,2,4,4,4,4,5,5,4,5,4,3,40,26.7
645,102203406,4,4,5,4,2,3,5,4,5,5,5,4,41,27.3
646,102203426,4,4,5,5,4,4,3,4,5,5,4,3,40,26.7
647,102203444,5,4,2,3,5,4,3,5,5,5,4,5,42,28.0
648,102203452,1,3,4,4,3,4,4,4,5,5,5,4,39,26.0
649,102203454,3,2,4,4,4,5,4,5,4,5,4,5,40,26.7
650,102203458,5,5,5,5,5,5,4,4,4,5,4,5,44,29.3
651,102203460,5,3,5,5,2,5,1,4,4,5,5,4,42,28.0
652,102203463,AB,AB,AB,AB,AB,AB,AB,AB,AB,AB,AB,AB,0,0.0
653,102203471,AB,3,4,4,4,3,1,4,5,5,3,2,35,23.3
654,102203477,AB,AB,AB,AB,AB,AB,AB,AB,AB,AB,AB,AB,0,0.0
655,102203499,5,4,4,5,4,2,2,4,5,5,5,5,42,28.0
656,102203511,5,3,4,5,3,4,3,AB,5,5,4,5,40,26.7
657,102203514,5,5,3,5,1,4,3,5,5,5,4,3,41,27.3
658,102203529,5,1,5,5,4,4,2,5,5,5,5,4,43,28.7
659,102203561,5,4,4,5,3,5,4,AB,4,5,4,1,40,26.7
660,102203573,5,5,4,4,5,4,4,4,3,5,5,5,42,28.0
661,102203614,5,5,4,4,1,5,4,AB,4,5,4,5,41,27.3
662,102203617,5,3,3,4,5,4,2,5,5,5,5,5,43,28.7
663,102203639,5,AB,4,4,5,5,3,5,5,5,5,5,44,29.3
664,102203643,5,4,3,4,3,4,4,4,5,5,4,5,40,26.7
665,102203646,3,4,5,5,2,4,3,4,5,5,4,3,39,26.0
666,102203684,5,3,5,5,3,3,4,4,5,5,4,3,40,26.7
667,102203688,AB,3,3,3,4,4,1,3,5,5,4,4,35,23.3
668,102203710,5,5,5,5,4,5,4,3,5,5,3,4,43,28.7
669,102203728,5,4,4,AB,3,4,3,4,5,5,4,3,38,25.3
670,102203737,5,2,4,5,3,5,4,5,4,5,5,1,42,28.0
671,102203750,5,5,5,4,4,3,4,5,3,5,5,2,42,28.0
672,102203764,5,AB,5,4,AB,5,5,4,4,5,4,1,41,27.3
673,102203767,5,4,5,4,2,4,5,5,5,5,4,5,43,28.7
674,102203774,4,3,3,5,4,4,4,5,5,5,4,4,40,26.7
675,102203782,5,4,4,5,4,4,2,AB,4,5,4,4,39,26.0
676,102203807,AB,3,4,4,3,5,3,4,5,5,5,3,38,25.3
677,102203835,4,5,4,3,5,3,4,4,5,5,5,5,42,28.0
678,102203848,4,3,2,3,4,5,3,4,4,5,5,3,37,24.7
679,102203866,5,2,4,4,2,5,4,4,4,5,5,2,40,26.7
680,102203877,5,4,4,5,4,4,3,5,4,5,5,5,42,28.0
681,102203888,3,4,4,5,3,4,4,5,5,5,4,5,41,27.3
682,102203890,5,4,AB,3,2,5,4,4,5,5,4,5,41,27.3
683,102203892,5,4,3,5,4,4,5,3,5,5,4,5,42,28.0
684,102203895,5,4,4,5,2,4,4,5,5,4,4,1,40,26.7
685,102203896,5,5,4,AB,3,4,5,4,5,4,4,5,41,27.3
686,102203898,5,4,4,5,2,4,4,4,5,5,4,2,40,26.7
687,102203899,5,4,5,5,4,3,3,AB,4,5,5,5,42,28.0
688,102203901,4,4,4,4,4,5,4,4,AB,3,5,4,38,25.3
689,102203902,5,4,4,5,4,4,3,4,3,5,4,4,39,26.0
690,102203903,4,4,3,2,5,4,4,4,3,5,4,2,37,24.7
691,102203905,5,1,4,4,4,3,3,4,4,5,4,5,39,26.0
692,102203907,AB,5,4,5,2,5,2,4,5,5,4,4,41,27.3
693,102203913,AB,4,3,5,2,5,3,5,4,5,5,5,41,27.3
694,102203914,5,4,5,5,3,5,3,4,4,4,5,4,41,27.3
695,102203916,5,4,4,5,4,5,3,4,4,5,4,1,40,26.7
696,102203919,4,3,4,5,3,4,4,4,4,5,5,5,40,26.7
697,102203920,5,5,5,5,3,5,4,AB,5,5,5,2,44,29.3
698,102203924,4,3,AB,4,3,4,3,AB,4,4,5,3,34,22.7
699,102203932,5,3,5,5,5,4,3,5,5,5,3,2,42,28.0
700,102203933,4,4,4,4,4,5,5,3,5,5,5,5,42,28.0
701,102203934,AB,AB,AB,AB,AB,AB,AB,AB,AB,AB,AB,AB,0,0.0
702,102203935,5,5,AB,4,3,4,3,4,5,5,5,2,40,26.7
703,102203937,AB,4,5,5,4,5,4,5,5,5,4,5,43,28.7
704,102203939,4,3,4,4,4,2,4,5,5,4,5,5,40,26.7
705,102203949,5,5,5,5,4,4,4,AB,4,5,5,5,43,28.7
706,102203955,4,AB,5,4,4,5,2,5,5,5,4,2,41,27.3
707,102203956,3,3,3,5,3,5,3,4,4,5,4,2,36,24.0
708,102203985,5,3,4,5,2,3,3,5,4,5,4,5,40,26.7
709,102203994,5,3,4,5,3,5,2,4,5,5,5,5,43,28.7
710,102203995,4,AB,3,AB,3,4,4,3,4,4,4,4,34,22.7
711,102203996,AB,3,AB,3,3,2,4,4,4,5,5,3,34,22.7
712,102213002,4,AB,4,AB,5,5,4,AB,5,5,3,3,38,25.3
713,102213004,5,3,3,3,4,5,3,5,5,5,3,4,39,26.0
714,102213021,5,4,5,4,3,4,4,4,5,5,5,2,41,27.3
715,102213022,4,5,4,5,4,5,4,4,5,5,4,3,41,27.3
716,102213023,5,3,5,4,AB,5,3,3,5,5,3,5,40,26.7
717,102213024,4,4,4,5,0,4,5,4,5,5,4,4,40,26.7
718,102213025,3,4,4,5,4,4,4,4,4,5,4,5,39,26.0
719,102215010,AB,2,4,3,5,4,4,3,5,5,4,1,37,24.7
720,102219041,AB,AB,AB,AB,3,3,2,4,4,5,4,4,29,19.3
721,102253003,5,3,3,5,3,4,4,4,5,4,5,4,40,26.7
722,102253004,3,4,4,3,4,4,4,5,5,5,4,3,39,26.0
723,102253008,3,3,4,4,4,3,4,3,4,3,3,2,32,21.3
724,102253012,AB,4,5,AB,AB,AB,AB,AB,4,5,4,4,26,17.3
725,102253013,5,5,AB,5,5,5,4,3,5,5,5,4,44,29.3
726,102253014,AB,2,3,3,2,4,3,4,5,5,5,2,34,22.7
727,102383008,5,3,4,5,1,5,5,4,5,5,5,4,43,28.7
728,102383010,5,AB,3,4,0,5,3,4,5,5,5,5,41,27.3
729,102383031,4,3,5,5,3,4,2,4,5,5,4,5,41,27.3
730,102383034,3,AB,AB,4,2,4,4,3,3,0,4,4,31,20.7
731,102383037,5,3,4,5,3,5,1,4,4,5,3,2,38,25.3
732,102383038,5,4,5,3,5,5,3,5,5,5,3,3,42,28.0
733,102383040,5,3,5,4,2,5,5,5,5,5,4,5,44,29.3
734,102383041,AB,AB,AB,AB,2,5,5,AB,AB,AB,AB,AB,12,8.0
735,102383042,4,3,3,1,AB,3,3,1,5,4,4,3,32,21.3
736,102383043,3,5,3,5,2,5,3,AB,5,5,3,2,37,24.7
737,102383046,5,3,4,5,1,4,3,5,5,5,4,5,42,28.0
738,102383047,3,3,4,5,3,5,4,5,AB,5,5,1,39,26.0
739,102383048,5,2,4,5,AB,4,4,AB,5,5,4,2,38,25.3
740,102383050,5,3,4,AB,3,5,3,4,5,5,5,3,39,26.0
741,102383064,5,AB,4,5,3,4,4,3,5,5,4,4,40,26.7
742,102383068,4,AB,5,4,4,4,2,5,4,5,3,2,38,25.3
743,102383069,3,AB,4,0,1,2,4,4,AB,AB,AB,AB,18,12.0
744,102383070,3,4,4,5,4,4,2,5,5,5,4,4,40,26.7
745,102383072,5,AB,2,AB,4,3,5,4,5,4,5,4,39,26.0
746,102383073,4,5,4,5,3,5,4,4,5,5,4,2,41,27.3
747,102383074,4,5,2,4,2,5,3,2,4,5,4,5,39,26.0
748,102383075,5,4,3,5,3,4,3,3,5,5,4,4,39,26.0
749,102383076,AB,AB,AB,AB,AB,AB,AB,AB,AB,AB,AB,AB,0,0.0
750,102383077,5,4,4,5,5,5,4,4,5,4,4,4,41,27.3
751,102383078,5,AB,3,5,5,4,3,5,5,4,4,3,40,26.7
752,102383079,5,AB,3,4,4,4,3,3,5,AB,AB,AB,31,20.7
753,102383080,AB,4,AB,AB,1,1,4,3,5,5,4,1,28,18.7
754,102383082,4,2,AB,4,4,4,3,AB,4,5,4,4,36,24.0
755,102103670,AB,AB,AB,AB,3,4,AB,4,5,5,AB,AB,21,14.0
756,102203027,4,4,5,5,4,4,3,3,5,5,4,5,41,27.3
757,102203044,4,AB,AB,3,4,5,3,4,5,5,5,5,40,26.7
758,102203050,AB,2,4,AB,4,5,AB,4,5,5,5,4,38,25.3
759,102203054,5,3,4,5,4,5,5,4,5,3,4,4,41,27.3
760,102203073,5,4,4,4,4,4,5,3,4,5,5,4,40,26.7
761,102203080,5,2,5,5,AB,AB,4,4,4,5,4,5,41,27.3
762,102203085,5,4,4,5,1,4,5,2,4,5,4,3,40,26.7
763,102203086,AB,AB,AB,4,AB,AB,AB,AB,5,4,AB,AB,13,8.7
764,102203089,AB,1,4,5,AB,AB,AB,AB,4,5,5,4,28,18.7
765,102203118,0,AB,AB,AB,AB,AB,3,AB,5,AB,4,AB,12,8.0
766,102203119,5,3,3,4,4,5,4,2,5,5,4,3,39,26.0
767,102203125,5,4,5,5,2,5,4,5,AB,AB,5,4,42,28.0
768,102203133,3,2,5,AB,3,5,3,AB,5,5,5,3,37,24.7
769,102203136,5,5,5,4,4,5,3,4,5,5,4,3,42,28.0
770,102203143,5,4,4,4,4,5,3,3,4,5,5,3,40,26.7
771,102203153,5,5,5,5,3,4,4,3,AB,AB,3,5,39,26.0
772,102203168,5,3,5,5,4,4,4,4,5,5,5,5,43,28.7
773,102203169,AB,AB,AB,AB,AB,AB,AB,AB,AB,AB,AB,AB,0,0.0
774,102203182,5,4,5,4,2,5,5,3,5,5,3,4,42,28.0
775,102203189,5,AB,4,5,4,5,3,4,5,5,4,5,42,28.0
776,102203199,4,4,4,5,4,5,4,4,4,5,4,3,39,26.0
777,102203201,3,3,4,3,2,4,3,5,5,5,4,2,36,24.0
778,102203215,3,3,5,4,4,4,4,4,5,5,4,4,39,26.0
779,102203217,5,3,AB,5,4,4,2,5,5,5,4,5,42,28.0
780,102203230,5,2,AB,4,3,2,4,5,5,4,5,2,37,24.7
781,102203231,3,4,4,5,1,4,5,5,5,5,5,5,43,28.7
782,102203237,5,4,3,5,4,4,4,2,AB,5,4,4,39,26.0
783,102203239,AB,AB,AB,5,AB,AB,4,3,AB,AB,AB,AB,12,8.0
784,102203257,4,3,4,4,4,5,5,4,4,4,3,4,38,25.3
785,102203258,4,3,4,5,2,3,4,4,5,5,4,4,39,26.0
786,102203269,5,4,5,4,4,5,3,5,5,4,5,3,42,28.0
787,102203279,AB,3,4,5,3,5,4,3,5,5,5,4,40,26.7
788,102203281,0,2,4,5,AB,AB,AB,AB,5,5,3,4,28,18.7
789,102203298,AB,AB,3,5,AB,5,AB,AB,5,3,5,3,29,19.3
790,102203319,4,4,3,3,4,4,AB,AB,AB,4,4,3,33,22.0
791,102203328,5,2,5,AB,2,5,4,5,AB,AB,4,4,36,24.0
792,102203330,5,3,4,5,4,5,3,4,4,5,4,5,41,27.3
793,102203333,5,5,4,4,5,4,2,4,5,4,AB,AB,40,26.7
794,102203340,5,4,5,4,4,5,2,5,5,5,4,5,43,28.7
795,102203361,4,5,5,3,AB,AB,3,4,4,4,4,4,37,24.7
796,102203368,AB,0,2,4,2,5,1,5,4,4,5,5,36,24.0
797,102203373,5,4,2,AB,2,4,4,4,5,5,3,5,39,26.0
798,102203385,4,5,4,4,1,5,4,5,5,4,5,3,41,27.3
799,102203389,2,3,4,5,2,5,4,5,5,5,4,2,40,26.7
800,102203391,4,4,3,5,3,4,2,4,5,5,4,5,40,26.7
801,102203392,5,AB,AB,AB,3,4,AB,AB,AB,AB,AB,AB,12,8.0
802,102203394,4,3,3,5,AB,AB,AB,AB,5,5,4,4,33,22.0
803,102203398,5,4,4,5,3,3,3,4,5,5,5,5,42,28.0
804,102203401,4,2,5,0,4,4,4,4,5,5,5,5,41,27.3
805,102203404,5,3,4,5,3,5,2,5,4,5,4,3,40,26.7
806,102203410,5,4,5,3,3,5,4,4,5,5,4,5,42,28.0
807,102203417,3,3,5,5,AB,AB,3,5,5,4,5,4,39,26.0
808,102203427,4,4,3,4,4,5,5,4,5,5,5,3,41,27.3
809,102203434,5,3,3,5,4,5,4,4,4,5,4,3,40,26.7
810,102203447,AB,AB,AB,AB,4,5,AB,AB,5,4,3,3,24,16.0
811,102203465,5,2,5,4,0,4,AB,AB,AB,AB,4,4,28,18.7
812,102203473,3,2,3,4,3,3,4,3,5,4,5,2,34,22.7
813,102203484,4,3,4,5,AB,AB,2,4,5,5,4,5,39,26.0
814,102203485,5,4,AB,4,2,5,3,5,5,5,4,4,41,27.3
815,102203487,4,4,3,4,4,4,3,5,5,5,5,4,40,26.7
816,102203493,5,3,4,5,4,5,3,5,5,5,4,4,42,28.0
817,102203498,5,4,4,5,3,5,5,3,5,5,3,4,42,28.0
818,102203503,5,4,5,5,2,5,5,5,5,5,5,4,45,30.0
819,102203542,5,4,5,4,3,5,4,5,5,5,4,4,42,28.0
820,102203551,3,5,3,4,2,3,2,3,4,4,4,2,33,22.0
821,102203555,5,3,4,5,3,4,AB,4,5,5,5,2,40,26.7
822,102203558,5,3,4,5,4,5,3,5,5,4,5,4,42,28.0
823,102203562,4,AB,5,5,4,5,2,3,5,5,5,3,41,27.3
824,102203565,5,3,4,5,3,3,3,4,5,5,4,5,40,26.7
825,102203568,AB,3,3,4,5,5,3,4,5,5,4,3,38,25.3
826,102203570,AB,2,4,5,0,4,4,4,4,5,4,4,38,25.3
827,102203571,3,2,5,5,AB,AB,3,5,5,5,5,4,40,26.7
828,102203577,AB,3,AB,5,AB,4,4,4,5,5,5,5,40,26.7
829,102203583,0,4,5,5,3,4,5,4,4,5,4,5,41,27.3
830,102203595,5,5,4,5,4,4,3,4,5,4,4,5,41,27.3
831,102203610,5,2,4,AB,AB,AB,AB,AB,5,5,4,3,28,18.7
832,102203615,4,3,5,5,5,5,3,5,5,5,3,4,43,28.7
833,102203621,5,4,4,4,4,5,3,5,5,5,4,4,41,27.3
834,102203622,5,3,5,4,3,4,4,3,4,3,4,4,37,24.7
835,102203623,AB,0,3,4,AB,5,5,4,5,5,4,5,40,26.7
836,102203626,AB,4,3,5,AB,AB,5,1,5,5,4,5,37,24.7
837,102203638,4,2,5,4,5,5,4,4,5,5,5,4,42,28.0
838,102203642,2,2,5,4,3,4,3,4,5,5,3,4,37,24.7
839,102203649,5,3,4,5,3,4,4,4,4,5,4,5,40,26.7
840,102203654,AB,2,3,5,2,5,4,4,4,5,5,5,40,26.7
841,102203656,5,3,5,5,AB,AB,5,4,5,5,4,4,42,28.0
842,102203659,5,3,4,4,3,4,4,4,5,5,4,4,39,26.0
843,102203662,5,4,4,5,3,4,2,4,5,5,4,4,40,26.7
844,102203667,5,4,4,5,4,5,4,4,5,4,4,4,40,26.7
845,102203671,5,3,5,4,3,5,3,5,5,5,4,5,43,28.7
846,102203682,4,5,4,4,AB,AB,4,4,5,5,3,4,39,26.0
847,102203690,AB,1,4,5,AB,AB,3,5,4,5,4,4,35,23.3
848,102203705,AB,4,5,AB,AB,2,4,5,5,5,5,4,39,26.0
849,102203706,3,AB,5,5,3,4,3,4,5,5,4,4,39,26.0
850,102203740,3,3,4,4,3,3,AB,AB,5,5,5,4,36,24.0
851,102203746,5,5,4,4,3,4,5,4,5,5,5,4,42,28.0
852,102203749,AB,AB,4,5,4,5,4,4,4,5,4,5,40,26.7
853,102203760,3,5,3,3,2,5,5,5,5,4,5,3,40,26.7
854,102203762,AB,3,4,4,3,5,2,5,5,5,5,5,41,27.3
855,102203770,5,2,4,5,3,4,4,4,4,5,4,5,40,26.7
856,102203799,3,4,3,3,3,3,4,2,1,5,5,3,33,22.0
857,102203800,AB,3,4,5,4,5,5,5,4,5,5,3,42,28.0
858,102203813,5,4,3,3,5,4,5,5,5,5,3,4,42,28.0
859,102203817,5,5,5,4,4,5,3,4,5,5,4,4,42,28.0
860,102203824,5,3,3,4,4,5,2,4,4,5,3,5,39,26.0
861,102203825,5,4,3,4,2,3,1,4,5,5,5,5,40,26.7
862,102203830,2,3,5,5,4,3,4,5,5,5,4,4,41,27.3
863,102203832,4,4,4,5,3,5,3,3,4,5,5,4,40,26.7
864,102203834,4,4,4,4,2,4,3,4,5,5,4,3,38,25.3
865,102203843,5,4,5,3,2,5,4,5,5,5,5,3,43,28.7
866,102203853,3,5,4,4,4,3,3,4,4,5,5,4,39,26.0
867,102203855,4,4,5,4,4,5,4,4,5,4,5,5,41,27.3
868,102203861,5,4,5,5,3,4,3,4,4,4,3,5,40,26.7
869,102203871,4,2,5,5,4,5,4,5,5,4,5,5,43,28.7
870,102203872,5,5,5,AB,1,5,5,3,5,5,5,4,44,29.3
871,102203893,3,5,5,5,2,5,2,3,4,4,5,4,40,26.7
872,102203904,5,3,5,4,5,5,4,5,5,5,5,2,44,29.3
873,102203906,3,AB,4,5,3,AB,2,4,4,5,4,4,36,24.0
874,102203917,AB,4,4,5,2,3,3,4,5,5,4,4,38,25.3
875,102203921,4,3,4,4,4,3,5,3,5,5,5,2,39,26.0
876,102203938,5,5,4,5,4,4,3,4,5,5,4,4,41,27.3
877,102203964,5,2,5,4,2,4,4,3,5,5,4,5,41,27.3
878,102203971,3,2,5,5,3,4,4,3,5,5,4,3,38,25.3
879,102203972,3,1,4,4,3,5,4,5,5,5,5,4,41,27.3
880,102203979,AB,4,3,5,3,5,3,2,5,4,5,3,37,24.7
881,102203986,4,5,4,5,4,4,3,5,5,5,5,3,42,28.0
882,102203988,4,4,5,4,4,4,2,4,4,5,3,5,39,26.0
883,102203999,5,4,4,4,4,4,3,3,5,5,5,5,41,27.3
884,102213003,4,4,4,0,3,4,4,3,4,5,4,1,36,24.0
885,102213007,4,3,3,0,2,5,3,4,5,5,4,3,36,24.0
886,102213008,AB,3,4,3,5,5,3,4,5,5,5,5,41,27.3
887,102213020,AB,4,5,0,1,4,0,4,5,5,5,4,37,24.7
888,102253005,5,5,5,5,5,5,4,4,5,5,5,4,45,30.0
889,102253009,5,5,5,3,5,4,5,5,5,5,5,3,45,30.0
890,102383001,5,2,5,5,3,5,3,4,5,4,4,4,41,27.3
891,102383021,AB,AB,4,AB,3,4,4,3,AB,AB,AB,AB,18,12.0
892,102383023,AB,AB,AB,AB,1,4,1,4,AB,AB,AB,AB,10,6.7
893,102383030,AB,4,4,0,4,4,4,5,5,5,AB,AB,35,23.3
894,102383053,AB,AB,AB,AB,AB,AB,AB,AB,AB,AB,AB,AB,0,0.0
895,102383054,AB,4,5,0,3,5,3,4,5,4,5,3,38,25.3
896,102383056,2,0,4,0,AB,AB,3,5,AB,AB,5,3,22,14.7
897,102383058,5,2,4,0,5,5,5,4,5,5,4,5,43,28.7
898,102383060,AB,3,4,0,2,5,4,4,5,5,AB,AB,32,21.3
899,102102003,AB,AB,AB,3,1,AB,AB,4,4,AB,4,2,18,12.0
900,102102005,AB,AB,3,5,3,3,AB,AB,5,AB,5,2,26,17.3
901,102102018,AB,AB,AB,4,2,5,4,4,5,AB,4,3,31,20.7
902,102103686,5,5,AB,AB,3,3,3,4,5,4,3,3,35,23.3
903,102203004,5,3,4,5,1,5,4,4,5,5,5,5,43,28.7
904,102203009,5,3,3,5,2,4,AB,4,4,5,5,AB,38,25.3
905,102203016,4,3,5,4,AB,2,2,3,4,3,5,4,35,23.3
906,102203018,5,5,3,5,AB,3,3,4,5,4,5,5,41,27.3
907,102203024,AB,1,3,5,3,5,3,5,4,5,5,5,40,26.7
908,102203029,4,3,4,4,4,4,3,4,AB,5,5,5,39,26.0
909,102203060,5,4,AB,5,4,4,5,4,5,5,5,4,42,28.0
910,102203072,5,4,4,4,2,3,2,3,5,5,5,AB,38,25.3
911,102203081,5,3,5,5,3,5,5,4,5,5,5,5,45,30.0
912,102203087,4,4,4,5,4,AB,4,4,AB,5,4,4,38,25.3
913,102203088,5,3,2,3,4,5,4,4,4,5,5,4,40,26.7
914,102203103,5,4,3,4,4,5,AB,4,5,5,5,5,42,28.0
915,102203123,5,3,5,4,4,3,5,4,5,5,5,5,43,28.7
916,102203124,4,3,5,AB,4,AB,3,2,AB,AB,AB,5,26,17.3
917,102203128,5,5,4,3,1,3,3,5,4,5,4,5,40,26.7
918,102203144,AB,AB,AB,4,5,4,5,AB,5,5,4,5,37,24.7
919,102203145,AB,AB,3,AB,4,5,5,1,5,5,5,5,38,25.3
920,102203146,5,5,5,5,3,5,AB,4,5,5,5,5,45,30.0
921,102203147,3,2,4,3,3,AB,2,4,5,4,5,3,34,22.7
922,102203148,4,4,5,4,5,5,4,5,5,5,5,5,44,29.3
923,102203149,5,2,5,4,5,5,3,4,5,5,3,5,43,28.7
924,102203171,5,4,5,4,4,4,AB,4,5,5,4,AB,40,26.7
925,102203178,5,4,4,4,4,2,4,3,3,5,4,AB,37,24.7
926,102203180,5,4,3,5,2,4,AB,5,5,4,5,5,42,28.0
927,102203203,5,2,4,AB,1,5,2,AB,4,4,5,3,34,22.7
928,102203204,4,4,AB,4,4,AB,4,1,5,5,5,5,40,26.7
929,102203210,5,4,5,5,AB,5,AB,4,5,4,5,4,42,28.0
930,102203218,5,2,5,4,1,5,4,2,AB,5,4,5,39,26.0
931,102203219,5,3,5,5,4,4,2,4,5,5,5,5,43,28.7
932,102203221,5,3,5,5,4,4,3,5,AB,5,5,5,43,28.7
933,102203224,AB,4,4,5,4,AB,AB,4,AB,5,AB,AB,26,17.3
934,102203227,5,AB,4,4,2,5,5,4,4,5,5,2,41,27.3
935,102203245,AB,4,4,5,4,3,3,2,4,5,4,3,36,24.0
936,102203290,5,4,5,AB,4,5,AB,5,4,5,5,AB,42,28.0
937,102203297,4,4,4,5,2,4,5,4,5,5,5,5,42,28.0
938,102203306,5,3,5,5,4,4,5,5,5,5,4,5,44,29.3
939,102203311,5,5,3,4,3,4,5,5,5,5,5,AB,43,28.7
940,102203324,5,4,AB,5,3,5,3,AB,5,5,5,4,41,27.3
941,102203342,5,4,3,5,2,5,2,4,AB,5,5,5,41,27.3
942,102203346,5,4,4,4,4,5,5,4,4,AB,5,3,40,26.7
943,102203355,5,4,AB,5,2,4,AB,AB,5,5,5,AB,35,23.3
944,102203370,4,3,AB,5,5,5,4,3,AB,5,AB,1,35,23.3
945,102203374,5,2,5,5,5,4,AB,AB,5,AB,5,3,39,26.0
946,102203381,5,3,4,5,5,5,AB,5,4,5,4,5,43,28.7
947,102203382,4,4,5,5,3,4,AB,5,4,5,4,5,41,27.3
948,102203407,4,3,4,4,4,5,4,4,4,5,4,5,39,26.0
949,102203418,4,5,4,5,2,4,4,4,5,5,4,0,40,26.7
950,102203422,AB,3,4,4,5,4,AB,5,5,5,4,5,41,27.3
951,102203432,4,2,3,4,AB,4,AB,4,5,5,5,4,38,25.3
952,102203435,4,3,5,4,1,4,AB,5,5,5,4,AB,39,26.0
953,102203442,3,5,5,5,4,3,4,5,5,4,5,5,43,28.7
954,102203445,5,4,4,4,5,5,5,4,4,5,5,5,43,28.7
955,102203453,5,3,5,5,3,5,AB,5,5,5,4,5,44,29.3
956,102203464,5,3,3,4,3,4,4,5,5,5,5,5,42,28.0
957,102203467,5,5,4,AB,AB,5,3,5,5,4,5,5,43,28.7
958,102203472,4,3,5,5,4,4,4,4,AB,5,5,5,41,27.3
959,102203474,5,5,4,4,4,4,3,5,AB,5,5,5,42,28.0
960,102203489,3,3,4,5,5,5,4,4,4,5,5,4,41,27.3
961,102203515,5,2,5,4,3,4,AB,5,5,AB,5,5,41,27.3
962,102203517,5,4,4,5,4,5,AB,5,AB,5,4,5,42,28.0
963,102203518,5,3,5,4,2,3,3,3,4,5,4,2,36,24.0
964,102203519,5,AB,3,3,3,4,4,3,5,5,5,4,38,25.3
965,102203520,5,3,4,5,4,5,AB,4,5,5,4,5,42,28.0
966,102203521,5,4,AB,5,2,5,5,4,5,5,AB,3,41,27.3
967,102203527,4,3,5,5,3,5,4,4,5,5,5,5,43,28.7
968,102203540,5,4,5,4,3,4,2,AB,5,5,4,AB,39,26.0
969,102203550,5,3,5,5,3,5,4,5,4,5,5,5,44,29.3
970,102203552,5,3,3,4,2,AB,4,4,5,5,4,5,39,26.0
971,102203557,AB,3,4,4,3,5,4,4,5,5,4,4,39,26.0
972,102203563,4,3,5,5,3,3,5,5,5,5,5,5,44,29.3
973,102203590,4,4,5,5,4,5,3,AB,AB,AB,5,5,40,26.7
974,102203591,4,3,4,AB,4,5,3,4,5,5,5,AB,39,26.0
975,102203599,5,2,5,4,4,4,4,5,5,5,4,5,42,28.0
976,102203600,5,3,4,4,AB,4,AB,3,4,5,5,AB,37,24.7
977,102203605,AB,AB,AB,AB,0,3,AB,3,AB,5,5,5,21,14.0
978,102203619,5,4,5,5,3,4,3,4,5,5,4,2,41,27.3
979,102203628,5,4,3,5,4,5,5,5,5,5,4,5,44,29.3
980,102203634,4,3,4,4,5,5,3,3,5,5,5,2,40,26.7
981,102203640,4,3,5,5,2,4,3,5,5,5,4,5,42,28.0
982,102203644,AB,3,3,4,3,4,4,5,5,5,4,5,39,26.0
983,102203645,3,3,3,3,4,5,AB,4,5,AB,AB,3,33,22.0
984,102203650,5,3,5,AB,3,5,2,5,AB,AB,5,4,37,24.7
985,102203658,5,3,5,4,4,4,4,4,5,5,3,5,41,27.3
986,102203664,4,2,4,4,3,AB,3,4,5,5,3,5,37,24.7
987,102203666,4,3,3,5,4,4,3,AB,AB,5,5,AB,36,24.0
988,102203668,5,2,4,4,2,5,4,4,5,5,5,AB,41,27.3
989,102203670,4,4,3,4,5,4,2,5,AB,5,4,5,40,26.7
990,102203677,4,AB,5,5,2,4,3,4,AB,5,5,AB,37,24.7
991,102203700,5,4,3,5,1,4,3,5,4,5,4,5,41,27.3
992,102203709,4,2,5,3,2,3,2,5,5,5,5,5,40,26.7
993,102203716,5,4,5,5,3,5,3,4,5,AB,5,2,41,27.3
994,102203721,AB,AB,AB,AB,AB,AB,AB,AB,AB,AB,AB,AB,0,0.0
995,102203724,5,5,4,5,2,5,5,4,4,5,4,2,42,28.0
996,102203748,5,2,5,4,2,4,4,4,5,5,5,2,41,27.3
997,102203751,5,3,4,4,4,4,4,2,5,4,5,3,39,26.0
998,102203775,5,1,AB,5,3,5,5,4,5,4,4,4,41,27.3
999,102203779,2,AB,0,5,4,4,3,5,4,5,5,5,40,26.7
1000,102203781,5,2,AB,5,3,5,4,4,4,5,5,5,42,28.0
1001,102203794,5,4,4,4,3,0,4,4,5,5,5,5,41,27.3
1002,102203803,4,4,5,5,4,4,AB,4,5,4,5,5,41,27.3
1003,102203811,5,4,5,3,3,4,4,4,5,4,5,3,40,26.7
1004,102203814,5,3,4,AB,3,5,3,5,5,5,5,5,42,28.0
1005,102203836,5,4,5,4,2,5,3,5,5,5,4,5,43,28.7
1006,102203837,5,3,5,4,2,5,5,5,5,5,4,5,44,29.3
1007,102203839,5,3,4,AB,3,5,4,4,5,5,4,5,41,27.3
1008,102203844,5,3,4,5,3,3,AB,3,5,5,4,5,39,26.0
1009,102203845,5,4,4,4,5,5,5,4,5,5,5,5,44,29.3
1010,102203850,5,5,4,3,3,5,AB,4,5,5,5,AB,41,27.3
1011,102203868,AB,3,5,4,3,2,3,4,5,5,5,5,39,26.0
1012,102203878,5,3,4,5,3,2,1,4,4,5,3,5,38,25.3
1013,102203879,5,3,3,5,2,3,4,5,4,AB,AB,5,37,24.7
1014,102203880,5,5,5,5,3,4,AB,4,AB,5,5,4,42,28.0
1015,102203885,5,3,AB,5,4,3,2,5,AB,AB,3,5,35,23.3
1016,102203900,AB,4,5,5,3,4,4,4,5,5,5,5,42,28.0
1017,102203909,5,4,5,4,3,4,3,5,5,5,AB,4,41,27.3
1018,102203910,5,4,4,4,3,5,5,4,3,5,AB,5,41,27.3
1019,102203918,AB,5,5,5,4,AB,5,3,AB,5,5,5,42,28.0
1020,102203958,5,4,5,4,4,4,5,5,5,5,5,5,44,29.3
1021,102203960,5,1,4,4,5,4,AB,3,5,AB,5,4,39,26.0
1022,102203968,5,5,3,5,2,4,3,3,AB,5,4,5,39,26.0
1023,102203973,AB,3,3,2,1,4,4,1,AB,AB,4,1,23,15.3
1024,102203976,5,AB,AB,AB,AB,AB,AB,AB,AB,AB,5,AB,10,6.7
1025,102203981,AB,4,5,5,3,1,2,4,4,AB,5,AB,33,22.0
1026,102203984,5,4,4,5,4,4,5,4,4,4,4,5,40,26.7
1027,102203997,4,3,5,4,3,4,4,3,5,5,4,5,40,26.7
1028,102203998,AB,4,5,5,4,AB,3,3,5,5,4,5,40,26.7
1029,102213001,5,4,4,4,4,4,3,5,AB,4,AB,5,39,26.0
1030,102213005,5,2,3,5,3,5,4,5,5,5,AB,5,42,28.0
1031,102213006,4,4,5,5,3,4,3,4,5,5,4,5,41,27.3
1032,102213009,5,3,4,5,2,4,5,5,5,5,AB,5,43,28.7
1033,102213013,AB,3,3,4,2,5,1,3,5,5,4,5,37,24.7
1034,102213014,AB,AB,AB,5,4,AB,2,3,5,5,4,3,31,20.7
1035,102213015,AB,4,5,4,2,5,5,3,5,5,5,4,42,28.0
1036,102213017,4,3,4,4,2,5,4,5,5,5,5,5,42,28.0
1037,102213018,5,AB,4,5,5,4,4,4,5,5,5,5,43,28.7
1038,102213019,4,4,5,5,3,5,3,4,5,5,5,5,43,28.7
1039,102213026,5,4,4,4,4,5,AB,5,AB,5,4,AB,40,26.7
1040,102233001,5,3,4,5,2,5,4,4,5,5,5,5,43,28.7
1041,102253002,5,3,4,5,1,5,AB,5,5,5,5,5,44,29.3
1042,102253006,AB,4,3,5,AB,4,2,5,5,5,4,5,40,26.7
1043,102253007,4,3,5,5,4,4,2,4,5,5,4,5,41,27.3
1044,102383032,5,4,0,5,4,4,AB,4,AB,5,4,AB,35,23.3
1045,102383036,5,3,4,3,4,AB,3,5,5,5,5,5,41,27.3
1046,102383039,5,3,5,4,2,AB,1,4,5,5,4,3,38,25.3
1047,102383049,4,4,5,5,4,5,3,4,5,5,4,3,41,27.3
1048,102383059,2,2,4,5,5,AB,5,4,5,5,5,2,40,26.7
1049,102383062,5,4,AB,5,3,4,AB,3,4,5,4,5,39,26.0
1050,102383067,5,2,3,4,3,5,2,5,AB,5,5,5,40,26.7
1051,102383071,5,3,5,4,3,3,4,5,4,5,5,5,42,28.0
1052,102383081,5,3,3,AB,4,AB,AB,5,AB,5,5,3,33,22.0
1053,102383083,AB,AB,3,AB,5,AB,4,AB,AB,4,5,3,24,16.0
